{
  "parameters": {
    "metrics": [
      "ndcg",
      "user_community_bias",
      "recall",
      "precision",
      "hit_rate",
      "mrr",
      "item_coverage",
      "gini_index",
      "average_rec_popularity",
      "popularity_lift",
      "pop_miscalibration",
      "intra_list_diversity",
      "normalized_genre_entropy",
      "simpson_index_genre",
      "unique_genres_count"
    ],
    "topk": 20,
    "csv_path": "logs/full_experiments_best_biases_over_hyperparams/full_experiments_best_biases_over_hyperparams.csv"
  },
  "results": {
    "lastfm": {
      "ItemKNN": [
        {
          "model_name": "ItemKNN",
          "experiment_type": "baseline",
          "users_dec_perc_suppr": "N/A",
          "community_suppression": "N/A",
          "suppress_power_nodes_first": "N/A",
          "top@20_ndcg": 0.3049560686668486,
          "top@20_user_community_bias": 0.7695167779922485,
          "top@20_recall": 0.3355108073609534,
          "top@20_precision": 0.1289437900459797,
          "top@20_hit_rate": 0.8764952058452427,
          "top@20_mrr": 0.5231891340647881,
          "top@20_item_coverage": 0.6034653465346534,
          "top@20_gini_index": 0.7903000016874436,
          "top@20_average_rec_popularity": 172.79549932605156,
          "top@20_popularity_lift": 6.881645854021599,
          "top@20_pop_miscalibration": 1.150025397777768,
          "top@20_intra_list_diversity": 0.7224853502317709,
          "top@20_normalized_genre_entropy": 0.8436685718149031,
          "top@20_simpson_index_genre": 0.8641757547602692,
          "top@20_unique_genres_count": 16.004729967545053
        },
        {
          "model_name": "ItemKNN",
          "experiment_type": "suppression",
          "users_dec_perc_suppr": 0.625,
          "community_suppression": 0.8,
          "suppress_power_nodes_first": true,
          "top@20_ndcg": 0.184368274611778,
          "top@20_user_community_bias": 0.5003684639930726,
          "top@20_recall": 0.2184246532588606,
          "top@20_precision": 0.0838234413507424,
          "top@20_hit_rate": 0.752186535920867,
          "top@20_mrr": 0.3333759809373063,
          "top@20_item_coverage": 0.9041725601131544,
          "top@20_gini_index": 0.6525471339778603,
          "top@20_average_rec_popularity": 121.93976444148466,
          "top@20_popularity_lift": 4.856297054506669,
          "top@20_pop_miscalibration": 0.6262560599666827,
          "top@20_intra_list_diversity": 0.8344671862059736,
          "top@20_normalized_genre_entropy": 0.8826957925246586,
          "top@20_simpson_index_genre": 0.9067668025597622,
          "top@20_unique_genres_count": 21.95115900415044
        }
      ],
      "LightGCN": [
        {
          "model_name": "LightGCN",
          "experiment_type": "baseline",
          "users_dec_perc_suppr": "N/A",
          "community_suppression": "N/A",
          "suppress_power_nodes_first": "N/A",
          "top@20_ndcg": 0.4031124324398553,
          "top@20_user_community_bias": 0.6826092958450317,
          "top@20_recall": 0.4485070452168204,
          "top@20_precision": 0.1675398726390196,
          "top@20_hit_rate": 0.9494866554845778,
          "top@20_mrr": 0.6191308582740173,
          "top@20_item_coverage": 0.7243281471004244,
          "top@20_gini_index": 0.7195564668843815,
          "top@20_average_rec_popularity": 133.42496749658304,
          "top@20_popularity_lift": 5.313699592738161,
          "top@20_pop_miscalibration": 0.7989397129964788,
          "top@20_intra_list_diversity": 0.7780399742478561,
          "top@20_normalized_genre_entropy": 0.8612581195766964,
          "top@20_simpson_index_genre": 0.8850743609024236,
          "top@20_unique_genres_count": 18.6042021990102
        },
        {
          "model_name": "LightGCN",
          "experiment_type": "suppression",
          "users_dec_perc_suppr": 0.42,
          "community_suppression": 0.8,
          "suppress_power_nodes_first": false,
          "top@20_ndcg": 0.3938399227433055,
          "top@20_user_community_bias": 0.6853303074836731,
          "top@20_recall": 0.442179867832236,
          "top@20_precision": 0.1650642603636899,
          "top@20_hit_rate": 0.9478747516632616,
          "top@20_mrr": 0.6066311677893009,
          "top@20_item_coverage": 0.710961810466761,
          "top@20_gini_index": 0.7205130287115165,
          "top@20_average_rec_popularity": 133.28341477644477,
          "top@20_popularity_lift": 5.308062202334683,
          "top@20_pop_miscalibration": 0.8005405212318788,
          "top@20_intra_list_diversity": 0.7756872034533953,
          "top@20_normalized_genre_entropy": 0.8606976110850277,
          "top@20_simpson_index_genre": 0.8842149273927236,
          "top@20_unique_genres_count": 18.43984303627007
        }
      ],
      "MultiVAE": [
        {
          "model_name": "MultiVAE",
          "experiment_type": "baseline",
          "users_dec_perc_suppr": "N/A",
          "community_suppression": "N/A",
          "suppress_power_nodes_first": "N/A",
          "top@20_ndcg": 0.3208643990465817,
          "top@20_user_community_bias": 0.7042379975318909,
          "top@20_recall": 0.3495925706288028,
          "top@20_precision": 0.1376629443996905,
          "top@20_hit_rate": 0.9009205463249932,
          "top@20_mrr": 0.5393345849661179,
          "top@20_item_coverage": 0.6614568599717114,
          "top@20_gini_index": 0.7505720236050643,
          "top@20_average_rec_popularity": 157.5778978556462,
          "top@20_popularity_lift": 6.27559914287801,
          "top@20_pop_miscalibration": 0.9903487032305692,
          "top@20_intra_list_diversity": 0.7686305819433812,
          "top@20_normalized_genre_entropy": 0.8570890547277188,
          "top@20_simpson_index_genre": 0.8818267493348125,
          "top@20_unique_genres_count": 18.31885072431855
        },
        {
          "model_name": "MultiVAE",
          "experiment_type": "suppression",
          "users_dec_perc_suppr": 0.625,
          "community_suppression": 0.8,
          "suppress_power_nodes_first": false,
          "top@20_ndcg": 0.2948800610981125,
          "top@20_user_community_bias": 0.6691220760345459,
          "top@20_recall": 0.3411610334835722,
          "top@20_precision": 0.13240784049036,
          "top@20_hit_rate": 0.881336439917472,
          "top@20_mrr": 0.4741776769924053,
          "top@20_item_coverage": 0.7715700141442716,
          "top@20_gini_index": 0.7074479625972071,
          "top@20_average_rec_popularity": 133.93717024901864,
          "top@20_popularity_lift": 5.33409826030453,
          "top@20_pop_miscalibration": 0.7656519431977238,
          "top@20_intra_list_diversity": 0.7630498131228942,
          "top@20_normalized_genre_entropy": 0.8551219979248407,
          "top@20_simpson_index_genre": 0.8790655376104161,
          "top@20_unique_genres_count": 18.13845710794241
        }
      ]
    },
    "ml-100k": {
      "ItemKNN": [
        {
          "model_name": "ItemKNN",
          "experiment_type": "baseline",
          "users_dec_perc_suppr": "N/A",
          "community_suppression": "N/A",
          "suppress_power_nodes_first": "N/A",
          "top@20_ndcg": 0.3011399867998343,
          "top@20_user_community_bias": 0.7137546539306641,
          "top@20_recall": 0.3433149704232445,
          "top@20_precision": 0.1524883749220906,
          "top@20_hit_rate": 0.887969718133434,
          "top@20_mrr": 0.4962002438138534,
          "top@20_item_coverage": 0.2240982348426707,
          "top@20_gini_index": 0.6668688355605027,
          "top@20_average_rec_popularity": 213.3380934854891,
          "top@20_popularity_lift": 5.039056209763298,
          "top@20_pop_miscalibration": 1.5875505842654525,
          "top@20_intra_list_diversity": 0.8111463646956857,
          "top@20_normalized_genre_entropy": 0.8953601966130279,
          "top@20_simpson_index_genre": 0.864573848608633,