{
  "parameters": {
    "metrics": [
      "ndcg",
      "user_community_bias",
      "recall",
      "precision",
      "hit_rate",
      "mrr",
      "item_coverage",
      "gini_index",
      "average_rec_popularity",
      "popularity_lift",
      "pop_miscalibration",
      "intra_list_diversity",
      "normalized_genre_entropy",
      "simpson_index_genre",
      "unique_genres_count"
    ],
    "topk": 10,
    "csv_path": "logs/full_experiments_best_biases_over_hyperparams/full_experiments_best_biases_over_hyperparams.csv"
  },
  "results": {
    "lastfm": {
      "ItemKNN": [
        {
          "model_name": "ItemKNN",
          "experiment_type": "baseline",
          "users_dec_perc_suppr": "N/A",
          "community_suppression": "N/A",
          "suppress_power_nodes_first": "N/A",
          "top@10_ndcg": 0.2650475096163512,
          "top@10_user_community_bias": 0.8196427822113037,
          "top@10_recall": 0.2380901860717928,
          "top@10_precision": 0.1830010272672077,
          "top@10_hit_rate": 0.7894811642409203,
          "top@10_mrr": 0.5231891340647881,
          "top@10_item_coverage": 0.4507072135785007,
          "top@10_gini_index": 0.7904021713329592,
          "top@10_average_rec_popularity": 203.49340460004444,
          "top@10_popularity_lift": 8.1042014956897,
          "top@10_pop_miscalibration": 1.3578215560650049,
          "top@10_intra_list_diversity": 0.6876826147364226,
          "top@10_normalized_genre_entropy": 0.8849685998852699,
          "top@10_simpson_index_genre": 0.840971816134328,
          "top@10_unique_genres_count": 10.779407656468557
        },
        {
          "model_name": "ItemKNN",
          "experiment_type": "suppression",
          "users_dec_perc_suppr": 0.625,
          "community_suppression": 0.8,
          "suppress_power_nodes_first": true,
          "top@10_ndcg": 0.1528179513155832,
          "top@10_user_community_bias": 0.5625139236450195,
          "top@10_recall": 0.1445652959725167,
          "top@10_precision": 0.1112607455738247,
          "top@10_hit_rate": 0.6194890463357223,
          "top@10_mrr": 0.3333759809373063,
          "top@10_item_coverage": 0.7700848656294201,
          "top@10_gini_index": 0.6587449671743315,
          "top@10_average_rec_popularity": 134.4013809105799,
          "top@10_popularity_lift": 5.352585624772847,
          "top@10_pop_miscalibration": 0.72531103471689,
          "top@10_intra_list_diversity": 0.8105265548992898,
          "top@10_normalized_genre_entropy": 0.912050665371706,
          "top@10_simpson_index_genre": 0.8838299163927209,
          "top@10_unique_genres_count": 14.212300178311269
        }
      ],
      "LightGCN": [
        {
          "model_name": "LightGCN",
          "experiment_type": "baseline",
          "users_dec_perc_suppr": "N/A",
          "community_suppression": "N/A",
          "suppress_power_nodes_first": "N/A",
          "top@10_ndcg": 0.3515662149538148,
          "top@10_user_community_bias": 0.7299144744873047,
          "top@10_recall": 0.3256694413532312,
          "top@10_precision": 0.239748184566791,
          "top@10_hit_rate": 0.8947920937684822,
          "top@10_mrr": 0.6191308582740173,
          "top@10_item_coverage": 0.5542432814710043,
          "top@10_gini_index": 0.7022417722212715,
          "top@10_average_rec_popularity": 149.77578640371274,
          "top@10_popularity_lift": 5.964877115190814,
          "top@10_pop_miscalibration": 0.9238809970587806,
          "top@10_intra_list_diversity": 0.7505071580400546,
          "top@10_normalized_genre_entropy": 0.8952431423206548,
          "top@10_simpson_index_genre": 0.8632696343295596,
          "top@10_unique_genres_count": 12.51572230476252
        },
        {
          "model_name": "LightGCN",
          "experiment_type": "suppression",
          "users_dec_perc_suppr": 0.42,
          "community_suppression": 0.8,
          "suppress_power_nodes_first": false,
          "top@10_ndcg": 0.3409751184240076,
          "top@10_user_community_bias": 0.7315208911895752,
          "top@10_recall": 0.3172905658646537,
          "top@10_precision": 0.2326857466285184,
          "top@10_hit_rate": 0.8899391419044239,
          "top@10_mrr": 0.6066311677893009,
          "top@10_item_coverage": 0.5422206506364922,
          "top@10_gini_index": 0.7065320764727898,
          "top@10_average_rec_popularity": 149.63668566215088,
          "top@10_popularity_lift": 5.959337375757817,
          "top@10_pop_miscalibration": 0.9334575772347924,
          "top@10_intra_list_diversity": 0.7495184051488636,
          "top@10_normalized_genre_entropy": 0.8953922651977543,
          "top@10_simpson_index_genre": 0.8630663398438196,
          "top@10_unique_genres_count": 12.472655641683374
        }
      ],
      "MultiVAE": [
        {
          "model_name": "MultiVAE",
          "experiment_type": "baseline",
          "users_dec_perc_suppr": "N/A",
          "community_suppression": "N/A",
          "suppress_power_nodes_first": "N/A",
          "top@10_ndcg": 0.2706141318432202,
          "top@10_user_community_bias": 0.753561532497406,
          "top@10_recall": 0.2492290447058517,
          "top@10_precision": 0.1967073291455857,
          "top@10_hit_rate": 0.8223114710856674,
          "top@10_mrr": 0.5393345849661179,
          "top@10_item_coverage": 0.5054455445544555,
          "top@10_gini_index": 0.7388269707317894,
          "top@10_average_rec_popularity": 179.61941066864608,
          "top@10_popularity_lift": 7.153410693859049,
          "top@10_pop_miscalibration": 1.149759896211148,
          "top@10_intra_list_diversity": 0.7387877213083558,
          "top@10_normalized_genre_entropy": 0.8931924338164045,
          "top@10_simpson_index_genre": 0.8597229239669618,
          "top@10_unique_genres_count": 12.250376828988362
        },
        {
          "model_name": "MultiVAE",
          "experiment_type": "suppression",
          "users_dec_perc_suppr": 0.625,
          "community_suppression": 0.8,
          "suppress_power_nodes_first": false,
          "top@10_ndcg": 0.2505175858615143,
          "top@10_user_community_bias": 0.7138616561889648,
          "top@10_recall": 0.236556558018298,
          "top@10_precision": 0.1831430027753507,
          "top@10_hit_rate": 0.7907741462804604,
          "top@10_mrr": 0.4741776769924053,
          "top@10_item_coverage": 0.6195898161244695,
          "top@10_gini_index": 0.6931825706686168,
          "top@10_average_rec_popularity": 147.79386452840873,
          "top@10_popularity_lift": 5.885946329901984,
          "top@10_pop_miscalibration": 0.8728433472171474,
          "top@10_intra_list_diversity": 0.733623808413044,
          "top@10_normalized_genre_entropy": 0.8917985586559318,
          "top@10_simpson_index_genre": 0.8570097653037576,
          "top@10_unique_genres_count": 12.152780143931396
        }
      ]
    },
    "ml-100k": {
      "ItemKNN": [
        {
          "model_name": "ItemKNN",
          "experiment_type": "baseline",
          "users_dec_perc_suppr": "N/A",
          "community_suppression": "N/A",
          "suppress_power_nodes_first": "N/A",
          "top@10_ndcg": 0.2830561689959206,
          "top@10_user_community_bias": 0.7547698497772217,
          "top@10_recall": 0.2325815745473404,
          "top@10_precision": 0.1968136596170407,
          "top@10_hit_rate": 0.8014370272040182,
          "top@10_mrr": 0.4962002438138534,
          "top@10_item_coverage": 0.1700690713737528,
          "top@10_gini_index": 0.6931441559312207,
          "top@10_average_rec_popularity": 238.4258651761809,
          "top@10_popularity_lift": 5.631630604995264,
          "top@10_pop_miscalibration": 1.8623445540562744,
          "top@10_intra_list_diversity": 0.8022134893271632,
          "top@10_normalized_genre_entropy": 0.9135073048497347,
          "top@10_simpson_index_genre": 0.8448158235995873,